#,Name,Type 1,Type 2,Total,HP,Attack,Defense,Sp. Atk,Sp. Def,Speed,Weakness
1,Bulbasaur,Grass,Poison,318,45,49,49,65,65,45,Fire
2,Ivysaur,Grass,Poison,405,60,62,63,80,80,60,Fire
3,Venusaur,Grass,Poison,525,80,82,83,100,100,80,Fire
3,VenusaurMega Venusaur,Grass,Poison,625,80,100,123,122,120,80,Fire
4,Charmander,Fire,NA,309,39,52,43,60,50,65,Water
5,Charmeleon,Fire,NA,405,58,64,58,80,65,80,Water
6,Charizard,Fire,Flying,534,78,84,78,109,85,100,Water
6,CharizardMega Charizard X,Fire,Dragon,634,78,130,111,130,85,100,Water
6,CharizardMega Charizard Y,Fire,Flying,634,78,104,78,159,115,100,Water
7,Squirtle,Water,NA,314,44,48,65,50,64,43,Electric
8,Wartortle,Water,NA,405,59,63,80,65,80,58,Electric
9,Blastoise,Water,NA,530,79,83,100,85,105,78,Electric
9,BlastoiseMega Blastoise,Water,NA,630,79,103,120,135,115,78,Electric
10,Caterpie,Bug,NA,195,45,30,35,20,20,45,Flying
11,Metapod,Bug,NA,205,50,20,55,25,25,30,Flying
12,Butterfree,Bug,Flying,395,60,45,50,90,80,70,Flying
13,Weedle,Bug,Poison,195,40,35,30,20,20,50,Flying
14,Kakuna,Bug,Poison,205,45,25,50,25,25,35,Flying
15,Beedrill,Bug,Poison,395,65,90,40,45,80,75,Flying
15,BeedrillMega Beedrill,Bug,Poison,495,65,150,40,15,80,145,Flying
16,Pidgey,Normal,Flying,251,40,45,40,35,35,56,Fighting
17,Pidgeotto,Normal,Flying,349,63,60,55,50,50,71,Fighting
18,Pidgeot,Normal,Flying,479,83,80,75,70,70,101,Fighting
18,PidgeotMega Pidgeot,Normal,Flying,579,83,80,80,135,80,121,Fighting
19,Rattata,Normal,NA,253,30,56,35,25,35,72,Fighting
20,Raticate,Normal,NA,413,55,81,60,50,70,97,Fighting
21,Spearow,Normal,Flying,262,40,60,30,31,31,70,Fighting
22,Fearow,Normal,Flying,442,65,90,65,61,61,100,Fighting
23,Ekans,Poison,NA,288,35,60,44,40,54,55,Ground
24,Arbok,Poison,NA,438,60,85,69,65,79,80,Ground
25,Pikachu,Electric,NA,320,35,55,40,50,50,90,Water
26,Raichu,Electric,NA,485,60,90,55,90,80,110,Water
27,Sandshrew,Ground,NA,300,50,75,85,20,30,40,Water
28,Sandslash,Ground,NA,450,75,100,110,45,55,65,Water
29,Nidoran♀,Poison,NA,275,55,47,52,40,40,41,Ground
30,Nidorina,Poison,NA,365,70,62,67,55,55,56,Ground
31,Nidoqueen,Poison,Ground,505,90,92,87,75,85,76,Ground
32,Nidoran♂,Poison,NA,273,46,57,40,40,40,50,Ground
33,Nidorino,Poison,NA,365,61,72,57,55,55,65,Ground
34,Nidoking,Poison,Ground,505,81,102,77,85,75,85,Ground
35,Clefairy,Fairy,NA,323,70,45,48,60,65,35,Poison
36,Clefable,Fairy,NA,483,95,70,73,95,90,60,Poison
37,Vulpix,Fire,NA,299,38,41,40,50,65,65,Water
38,Ninetales,Fire,NA,505,73,76,75,81,100,100,Water
39,Jigglypuff,Normal,Fairy,270,115,45,20,45,25,20,Fighting
40,Wigglytuff,Normal,Fairy,435,140,70,45,85,50,45,Fighting
41,Zubat,Poison,Flying,245,40,45,35,30,40,55,Ground
42,Golbat,Poison,Flying,455,75,80,70,65,75,90,Ground
43,Oddish,Grass,Poison,320,45,50,55,75,65,30,Fire
44,Gloom,Grass,Poison,395,60,65,70,85,75,40,Fire
45,Vileplume,Grass,Poison,490,75,80,85,110,90,50,Fire
46,Paras,Bug,Grass,285,35,70,55,45,55,25,Flying
47,Parasect,Bug,Grass,405,60,95,80,60,80,30,Flying
48,Venonat,Bug,Poison,305,60,55,50,40,55,45,Flying
49,Venomoth,Bug,Poison,450,70,65,60,90,75,90,Flying
50,Diglett,Ground,NA,265,10,55,25,35,45,95,Water
51,Dugtrio,Ground,NA,405,35,80,50,50,70,120,Water
52,Meowth,Normal,NA,290,40,45,35,40,40,90,Fighting
53,Persian,Normal,NA,440,65,70,60,65,65,115,Fighting
54,Psyduck,Water,NA,320,50,52,48,65,50,55,Electric
55,Golduck,Water,NA,500,80,82,78,95,80,85,Electric
56,Mankey,Fighting,NA,305,40,80,35,35,45,70,Flying
57,Primeape,Fighting,NA,455,65,105,60,60,70,95,Flying
58,Growlithe,Fire,NA,350,55,70,45,70,50,60,Water
59,Arcanine,Fire,NA,555,90,110,80,100,80,95,Water
60,Poliwag,Water,NA,300,40,50,40,40,40,90,Electric
61,Poliwhirl,Water,NA,385,65,65,65,50,50,90,Electric
62,Poliwrath,Water,Fighting,510,90,95,95,70,90,70,Electric
63,Abra,Psychic,NA,310,25,20,15,105,55,90,Bug
64,Kadabra,Psychic,NA,400,40,35,30,120,70,105,Bug
65,Alakazam,Psychic,NA,500,55,50,45,135,95,120,Bug
65,AlakazamMega Alakazam,Psychic,NA,590,55,50,65,175,95,150,Bug
66,Machop,Fighting,NA,305,70,80,50,35,35,35,Flying
67,Machoke,Fighting,NA,405,80,100,70,50,60,45,Flying
68,Machamp,Fighting,NA,505,90,130,80,65,85,55,Flying
69,Bellsprout,Grass,Poison,300,50,75,35,70,30,40,Fire
70,Weepinbell,Grass,Poison,390,65,90,50,85,45,55,Fire
71,Victreebel,Grass,Poison,490,80,105,65,100,70,70,Fire
72,Tentacool,Water,Poison,335,40,40,35,50,100,70,Electric
73,Tentacruel,Water,Poison,515,80,70,65,80,120,100,Electric
74,Geodude,Rock,Ground,300,40,80,100,30,30,20,Water
75,Graveler,Rock,Ground,390,55,95,115,45,45,35,Water
76,Golem,Rock,Ground,495,80,120,130,55,65,45,Water
77,Ponyta,Fire,NA,410,50,85,55,65,65,90,Water
78,Rapidash,Fire,NA,500,65,100,70,80,80,105,Water
79,Slowpoke,Water,Psychic,315,90,65,65,40,40,15,Electric
80,Slowbro,Water,Psychic,490,95,75,110,100,80,30,Electric
80,SlowbroMega Slowbro,Water,Psychic,590,95,75,180,130,80,30,Electric
81,Magnemite,Electric,Steel,325,25,35,70,95,55,45,Water
82,Magneton,Electric,Steel,465,50,60,95,120,70,70,Water
83,Farfetch'd,Normal,Flying,352,52,65,55,58,62,60,Fighting
84,Doduo,Normal,Flying,310,35,85,45,35,35,75,Fighting
85,Dodrio,Normal,Flying,460,60,110,70,60,60,100,Fighting
86,Seel,Water,NA,325,65,45,55,45,70,45,Electric
87,Dewgong,Water,Ice,475,90,70,80,70,95,70,Electric
88,Grimer,Poison,NA,325,80,80,50,40,50,25,Ground
89,Muk,Poison,NA,500,105,105,75,65,100,50,Ground
90,Shellder,Water,NA,305,30,65,100,45,25,40,Electric
91,Cloyster,Water,Ice,525,50,95,180,85,45,70,Electric
92,Gastly,Ghost,Poison,310,30,35,30,100,35,80,Ghost
93,Haunter,Ghost,Poison,405,45,50,45,115,55,95,Ghost
94,Gengar,Ghost,Poison,500,60,65,60,130,75,110,Ghost
94,GengarMega Gengar,Ghost,Poison,600,60,65,80,170,95,130,Ghost
95,Onix,Rock,Ground,385,35,45,160,30,45,70,Water
96,Drowzee,Psychic,NA,328,60,48,45,43,90,42,Bug
97,Hypno,Psychic,NA,483,85,73,70,73,115,67,Bug
98,Krabby,Water,NA,325,30,105,90,25,25,50,Electric
99,Kingler,Water,NA,475,55,130,115,50,50,75,Electric
100,Voltorb,Electric,NA,330,40,30,50,55,55,100,Water
101,Electrode,Electric,NA,480,60,50,70,80,80,140,Water
102,Exeggcute,Grass,Psychic,325,60,40,80,60,45,40,Fire
103,Exeggutor,Grass,Psychic,520,95,95,85,125,65,55,Fire
104,Cubone,Ground,NA,320,50,50,95,40,50,35,Water
105,Marowak,Ground,NA,425,60,80,110,50,80,45,Water
106,Hitmonlee,Fighting,NA,455,50,120,53,35,110,87,Flying
107,Hitmonchan,Fighting,NA,455,50,105,79,35,110,76,Flying
108,Lickitung,Normal,NA,385,90,55,75,60,75,30,Fighting
109,Koffing,Poison,NA,340,40,65,95,60,45,35,Ground
110,Weezing,Poison,NA,490,65,90,120,85,70,60,Ground
111,Rhyhorn,Ground,Rock,345,80,85,95,30,30,25,Water
112,Rhydon,Ground,Rock,485,105,130,120,45,45,40,Water
113,Chansey,Normal,NA,450,250,5,5,35,105,50,Fighting
114,Tangela,Grass,NA,435,65,55,115,100,40,60,Fire
115,Kangaskhan,Normal,NA,490,105,95,80,40,80,90,Fighting
115,KangaskhanMega Kangaskhan,Normal,NA,590,105,125,100,60,100,100,Fighting
116,Horsea,Water,NA,295,30,40,70,70,25,60,Electric
117,Seadra,Water,NA,440,55,65,95,95,45,85,Electric
118,Goldeen,Water,NA,320,45,67,60,35,50,63,Electric
119,Seaking,Water,NA,450,80,92,65,65,80,68,Electric
120,Staryu,Water,NA,340,30,45,55,70,55,85,Electric
121,Starmie,Water,Psychic,520,60,75,85,100,85,115,Electric
122,Mr. Mime,Psychic,Fairy,460,40,45,65,100,120,90,Bug
123,Scyther,Bug,Flying,500,70,110,80,55,80,105,Flying
124,Jynx,Ice,Psychic,455,65,50,35,115,95,95,Fire
125,Electabuzz,Electric,NA,490,65,83,57,95,85,105,Water
126,Magmar,Fire,NA,495,65,95,57,100,85,93,Water
127,Pinsir,Bug,NA,500,65,125,100,55,70,85,Flying
127,PinsirMega Pinsir,Bug,Flying,600,65,155,120,65,90,105,Flying
128,Tauros,Normal,NA,490,75,100,95,40,70,110,Fighting
129,Magikarp,Water,NA,200,20,10,55,15,20,80,Electric
130,Gyarados,Water,Flying,540,95,125,79,60,100,81,Electric
130,GyaradosMega Gyarados,Water,Dark,640,95,155,109,70,130,81,Electric
131,Lapras,Water,Ice,535,130,85,80,85,95,60,Electric
132,Ditto,Normal,NA,288,48,48,48,48,48,48,Fighting
133,Eevee,Normal,NA,325,55,55,50,45,65,55,Fighting
134,Vaporeon,Water,NA,525,130,65,60,110,95,65,Electric
135,Jolteon,Electric,NA,525,65,65,60,110,95,130,Water
136,Flareon,Fire,NA,525,65,130,60,95,110,65,Water
137,Porygon,Normal,NA,395,65,60,70,85,75,40,Fighting
138,Omanyte,Rock,Water,355,35,40,100,90,55,35,Water
139,Omastar,Rock,Water,495,70,60,125,115,70,55,Water
140,Kabuto,Rock,Water,355,30,80,90,55,45,55,Water
141,Kabutops,Rock,Water,495,60,115,105,65,70,80,Water
142,Aerodactyl,Rock,Flying,515,80,105,65,60,75,130,Water
142,AerodactylMega Aerodactyl,Rock,Flying,615,80,135,85,70,95,150,Water
143,Snorlax,Normal,NA,540,160,110,65,65,110,30,Fighting
144,Articuno,Ice,Flying,580,90,85,100,95,125,85,Fire
145,Zapdos,Electric,Flying,580,90,90,85,125,90,100,Water
146,Moltres,Fire,Flying,580,90,100,90,125,85,90,Water
147,Dratini,Dragon,NA,300,41,64,45,50,50,50,Ice
148,Dragonair,Dragon,NA,420,61,84,65,70,70,70,Ice
149,Dragonite,Dragon,Flying,600,91,134,95,100,100,80,Ice
150,Mewtwo,Psychic,NA,680,106,110,90,154,90,130,Bug
150,MewtwoMega Mewtwo X,Psychic,Fighting,780,106,190,100,154,100,130,Bug
150,MewtwoMega Mewtwo Y,Psychic,NA,780,106,150,70,194,120,140,Bug
151,Mew,Psychic,NA,600,100,100,100,100,100,100,Bug
152,Chikorita,Grass,NA,318,45,49,65,49,65,45,Fire
153,Bayleef,Grass,NA,405,60,62,80,63,80,60,Fire
154,Meganium,Grass,NA,525,80,82,100,83,100,80,Fire
155,Cyndaquil,Fire,NA,309,39,52,43,60,50,65,Water
156,Quilava,Fire,NA,405,58,64,58,80,65,80,Water
157,Typhlosion,Fire,NA,534,78,84,78,109,85,100,Water
158,Totodile,Water,NA,314,50,65,64,44,48,43,Electric
159,Croconaw,Water,NA,405,65,80,80,59,63,58,Electric
160,Feraligatr,Water,NA,530,85,105,100,79,83,78,Electric
161,Sentret,Normal,NA,215,35,46,34,35,45,20,Fighting
162,Furret,Normal,NA,415,85,76,64,45,55,90,Fighting
163,Hoothoot,Normal,Flying,262,60,30,30,36,56,50,Fighting
164,Noctowl,Normal,Flying,442,100,50,50,76,96,70,Fighting
165,Ledyba,Bug,Flying,265,40,20,30,40,80,55,Flying
166,Ledian,Bug,Flying,390,55,35,50,55,110,85,Flying
167,Spinarak,Bug,Poison,250,40,60,40,40,40,30,Flying
168,Ariados,Bug,Poison,390,70,90,70,60,60,40,Flying
169,Crobat,Poison,Flying,535,85,90,80,70,80,130,Ground
170,Chinchou,Water,Electric,330,75,38,38,56,56,67,Electric
171,Lanturn,Water,Electric,460,125,58,58,76,76,67,Electric
172,Pichu,Electric,NA,205,20,40,15,35,35,60,Water
173,Cleffa,Fairy,NA,218,50,25,28,45,55,15,Poison
174,Igglybuff,Normal,Fairy,210,90,30,15,40,20,15,Fighting
175,Togepi,Fairy,NA,245,35,20,65,40,65,20,Poison
176,Togetic,Fairy,Flying,405,55,40,85,80,105,40,Poison
177,Natu,Psychic,Flying,320,40,50,45,70,45,70,Bug
178,Xatu,Psychic,Flying,470,65,75,70,95,70,95,Bug
179,Mareep,Electric,NA,280,55,40,40,65,45,35,Water
180,Flaaffy,Electric,NA,365,70,55,55,80,60,45,Water
181,Ampharos,Electric,NA,510,90,75,85,115,90,55,Water
181,AmpharosMega Ampharos,Electric,Dragon,610,90,95,105,165,110,45,Water
182,Bellossom,Grass,NA,490,75,80,95,90,100,50,Fire
183,Marill,Water,Fairy,250,70,20,50,20,50,40,Electric
184,Azumarill,Water,Fairy,420,100,50,80,60,80,50,Electric
185,Sudowoodo,Rock,NA,410,70,100,115,30,65,30,Water
186,Politoed,Water,NA,500,90,75,75,90,100,70,Electric
187,Hoppip,Grass,Flying,250,35,35,40,35,55,50,Fire
188,Skiploom,Grass,Flying,340,55,45,50,45,65,80,Fire
189,Jumpluff,Grass,Flying,460,75,55,70,55,95,110,Fire
190,Aipom,Normal,NA,360,55,70,55,40,55,85,Fighting
191,Sunkern,Grass,NA,180,30,30,30,30,30,30,Fire
192,Sunflora,Grass,NA,425,75,75,55,105,85,30,Fire
193,Yanma,Bug,Flying,390,65,65,45,75,45,95,Flying
194,Wooper,Water,Ground,210,55,45,45,25,25,15,Electric
195,Quagsire,Water,Ground,430,95,85,85,65,65,35,Electric
196,Espeon,Psychic,NA,525,65,65,60,130,95,110,Bug
197,Umbreon,Dark,NA,525,95,65,110,60,130,65,Fighting
198,Murkrow,Dark,Flying,405,60,85,42,85,42,91,Fighting
199,Slowking,Water,Psychic,490,95,75,80,100,110,30,Electric
200,Misdreavus,Ghost,NA,435,60,60,60,85,85,85,Ghost
201,Unown,Psychic,NA,336,48,72,48,72,48,48,Bug
202,Wobbuffet,Psychic,NA,405,190,33,58,33,58,33,Bug
203,Girafarig,Normal,Psychic,455,70,80,65,90,65,85,Fighting
204,Pineco,Bug,NA,290,50,65,90,35,35,15,Flying
205,Forretress,Bug,Steel,465,75,90,140,60,60,40,Flying
206,Dunsparce,Normal,NA,415,100,70,70,65,65,45,Fighting
207,Gligar,Ground,Flying,430,65,75,105,35,65,85,Water
208,Steelix,Steel,Ground,510,75,85,200,55,65,30,Fire
208,SteelixMega Steelix,Steel,Ground,610,75,125,230,55,95,30,Fire
209,Snubbull,Fairy,NA,300,60,80,50,40,40,30,Poison
210,Granbull,Fairy,NA,450,90,120,75,60,60,45,Poison
211,Qwilfish,Water,Poison,430,65,95,75,55,55,85,Electric
212,Scizor,Bug,Steel,500,70,130,100,55,80,65,Flying
212,ScizorMega Scizor,Bug,Steel,600,70,150,140,65,100,75,Flying
213,Shuckle,Bug,Rock,505,20,10,230,10,230,5,Flying
214,Heracross,Bug,Fighting,500,80,125,75,40,95,85,Flying
214,HeracrossMega Heracross,Bug,Fighting,600,80,185,115,40,105,75,Flying
215,Sneasel,Dark,Ice,430,55,95,55,35,75,115,Fighting
216,Teddiursa,Normal,NA,330,60,80,50,50,50,40,Fighting
217,Ursaring,Normal,NA,500,90,130,75,75,75,55,Fighting
218,Slugma,Fire,NA,250,40,40,40,70,40,20,Water
219,Magcargo,Fire,Rock,410,50,50,120,80,80,30,Water
220,Swinub,Ice,Ground,250,50,50,40,30,30,50,Fire
221,Piloswine,Ice,Ground,450,100,100,80,60,60,50,Fire
222,Corsola,Water,Rock,380,55,55,85,65,85,35,Electric
223,Remoraid,Water,NA,300,35,65,35,65,35,65,Electric
224,Octillery,Water,NA,480,75,105,75,105,75,45,Electric
225,Delibird,Ice,Flying,330,45,55,45,65,45,75,Fire
226,Mantine,Water,Flying,465,65,40,70,80,140,70,Electric
227,Skarmory,Steel,Flying,465,65,80,140,40,70,70,Fire
228,Houndour,Dark,Fire,330,45,60,30,80,50,65,Fighting
229,Houndoom,Dark,Fire,500,75,90,50,110,80,95,Fighting
229,HoundoomMega Houndoom,Dark,Fire,600,75,90,90,140,90,115,Fighting
230,Kingdra,Water,Dragon,540,75,95,95,95,95,85,Electric
231,Phanpy,Ground,NA,330,90,60,60,40,40,40,Water
232,Donphan,Ground,NA,500,90,120,120,60,60,50,Water
233,Porygon2,Normal,NA,515,85,80,90,105,95,60,Fighting
234,Stantler,Normal,NA,465,73,95,62,85,65,85,Fighting
235,Smeargle,Normal,NA,250,55,20,35,20,45,75,Fighting
236,Tyrogue,Fighting,NA,210,35,35,35,35,35,35,Flying
237,Hitmontop,Fighting,NA,455,50,95,95,35,110,70,Flying
238,Smoochum,Ice,Psychic,305,45,30,15,85,65,65,Fire
239,Elekid,Electric,NA,360,45,63,37,65,55,95,Water
240,Magby,Fire,NA,365,45,75,37,70,55,83,Water
241,Miltank,Normal,NA,490,95,80,105,40,70,100,Fighting
242,Blissey,Normal,NA,540,255,10,10,75,135,55,Fighting
243,Raikou,Electric,NA,580,90,85,75,115,100,115,Water
244,Entei,Fire,NA,580,115,115,85,90,75,100,Water
245,Suicune,Water,NA,580,100,75,115,90,115,85,Electric
246,Larvitar,Rock,Ground,300,50,64,50,45,50,41,Water
247,Pupitar,Rock,Ground,410,70,84,70,65,70,51,Water
248,Tyranitar,Rock,Dark,600,100,134,110,95,100,61,Water
248,TyranitarMega Tyranitar,Rock,Dark,700,100,164,150,95,120,71,Water
249,Lugia,Psychic,Flying,680,106,90,130,90,154,110,Bug
250,Ho-oh,Fire,Flying,680,106,130,90,110,154,90,Water
251,Celebi,Psychic,Grass,600,100,100,100,100,100,100,Bug
252,Treecko,Grass,NA,310,40,45,35,65,55,70,Fire
253,Grovyle,Grass,NA,405,50,65,45,85,65,95,Fire
254,Sceptile,Grass,NA,530,70,85,65,105,85,120,Fire
254,SceptileMega Sceptile,Grass,Dragon,630,70,110,75,145,85,145,Fire
255,Torchic,Fire,NA,310,45,60,40,70,50,45,Water
256,Combusken,Fire,Fighting,405,60,85,60,85,60,55,Water
257,Blaziken,Fire,Fighting,530,80,120,70,110,70,80,Water
257,BlazikenMega Blaziken,Fire,Fighting,630,80,160,80,130,80,100,Water
258,Mudkip,Water,NA,310,50,70,50,50,50,40,Electric
259,Marshtomp,Water,Ground,405,70,85,70,60,70,50,Electric
260,Swampert,Water,Ground,535,100,110,90,85,90,60,Electric
260,SwampertMega Swampert,Water,Ground,635,100,150,110,95,110,70,Electric
261,Poochyena,Dark,NA,220,35,55,35,30,30,35,Fighting
262,Mightyena,Dark,NA,420,70,90,70,60,60,70,Fighting
263,Zigzagoon,Normal,NA,240,38,30,41,30,41,60,Fighting
264,Linoone,Normal,NA,420,78,70,61,50,61,100,Fighting
265,Wurmple,Bug,NA,195,45,45,35,20,30,20,Flying
266,Silcoon,Bug,NA,205,50,35,55,25,25,15,Flying
267,Beautifly,Bug,Flying,395,60,70,50,100,50,65,Flying
268,Cascoon,Bug,NA,205,50,35,55,25,25,15,Flying
269,Dustox,Bug,Poison,385,60,50,70,50,90,65,Flying
270,Lotad,Water,Grass,220,40,30,30,40,50,30,Electric
271,Lombre,Water,Grass,340,60,50,50,60,70,50,Electric
272,Ludicolo,Water,Grass,480,80,70,70,90,100,70,Electric
273,Seedot,Grass,NA,220,40,40,50,30,30,30,Fire
274,Nuzleaf,Grass,Dark,340,70,70,40,60,40,60,Fire
275,Shiftry,Grass,Dark,480,90,100,60,90,60,80,Fire
276,Taillow,Normal,Flying,270,40,55,30,30,30,85,Fighting
277,Swellow,Normal,Flying,430,60,85,60,50,50,125,Fighting
278,Wingull,Water,Flying,270,40,30,30,55,30,85,Electric
279,Pelipper,Water,Flying,430,60,50,100,85,70,65,Electric
280,Ralts,Psychic,Fairy,198,28,25,25,45,35,40,Bug
281,Kirlia,Psychic,Fairy,278,38,35,35,65,55,50,Bug
282,Gardevoir,Psychic,Fairy,518,68,65,65,125,115,80,Bug
282,GardevoirMega Gardevoir,Psychic,Fairy,618,68,85,65,165,135,100,Bug
283,Surskit,Bug,Water,269,40,30,32,50,52,65,Flying
284,Masquerain,Bug,Flying,414,70,60,62,80,82,60,Flying
285,Shroomish,Grass,NA,295,60,40,60,40,60,35,Fire
286,Breloom,Grass,Fighting,460,60,130,80,60,60,70,Fire
287,Slakoth,Normal,NA,280,60,60,60,35,35,30,Fighting
288,Vigoroth,Normal,NA,440,80,80,80,55,55,90,Fighting
289,Slaking,Normal,NA,670,150,160,100,95,65,100,Fighting
290,Nincada,Bug,Ground,266,31,45,90,30,30,40,Flying
291,Ninjask,Bug,Flying,456,61,90,45,50,50,160,Flying
292,Shedinja,Bug,Ghost,236,1,90,45,30,30,40,Flying
293,Whismur,Normal,NA,240,64,51,23,51,23,28,Fighting
294,Loudred,Normal,NA,360,84,71,43,71,43,48,Fighting
295,Exploud,Normal,NA,490,104,91,63,91,73,68,Fighting
296,Makuhita,Fighting,NA,237,72,60,30,20,30,25,Flying
297,Hariyama,Fighting,NA,474,144,120,60,40,60,50,Flying
298,Azurill,Normal,Fairy,190,50,20,40,20,40,20,Fighting
299,Nosepass,Rock,NA,375,30,45,135,45,90,30,Water
300,Skitty,Normal,NA,260,50,45,45,35,35,50,Fighting
301,Delcatty,Normal,NA,380,70,65,65,55,55,70,Fighting
302,Sableye,Dark,Ghost,380,50,75,75,65,65,50,Fighting
302,SableyeMega Sableye,Dark,Ghost,480,50,85,125,85,115,20,Fighting
303,Mawile,Steel,Fairy,380,50,85,85,55,55,50,Fire
303,MawileMega Mawile,Steel,Fairy,480,50,105,125,55,95,50,Fire
304,Aron,Steel,Rock,330,50,70,100,40,40,30,Fire
305,Lairon,Steel,Rock,430,60,90,140,50,50,40,Fire
306,Aggron,Steel,Rock,530,70,110,180,60,60,50,Fire
306,AggronMega Aggron,Steel,NA,630,70,140,230,60,80,50,Fire
307,Meditite,Fighting,Psychic,280,30,40,55,40,55,60,Flying
308,Medicham,Fighting,Psychic,410,60,60,75,60,75,80,Flying
308,MedichamMega Medicham,Fighting,Psychic,510,60,100,85,80,85,100,Flying
309,Electrike,Electric,NA,295,40,45,40,65,40,65,Water
310,Manectric,Electric,NA,475,70,75,60,105,60,105,Water
310,ManectricMega Manectric,Electric,NA,575,70,75,80,135,80,135,Water
311,Plusle,Electric,NA,405,60,50,40,85,75,95,Water
312,Minun,Electric,NA,405,60,40,50,75,85,95,Water
313,Volbeat,Bug,NA,400,65,73,55,47,75,85,Flying
314,Illumise,Bug,NA,400,65,47,55,73,75,85,Flying
315,Roselia,Grass,Poison,400,50,60,45,100,80,65,Fire
316,Gulpin,Poison,NA,302,70,43,53,43,53,40,Ground
317,Swalot,Poison,NA,467,100,73,83,73,83,55,Ground
318,Carvanha,Water,Dark,305,45,90,20,65,20,65,Electric
319,Sharpedo,Water,Dark,460,70,120,40,95,40,95,Electric
319,SharpedoMega Sharpedo,Water,Dark,560,70,140,70,110,65,105,Electric
320,Wailmer,Water,NA,400,130,70,35,70,35,60,Electric
321,Wailord,Water,NA,500,170,90,45,90,45,60,Electric
322,Numel,Fire,Ground,305,60,60,40,65,45,35,Water
323,Camerupt,Fire,Ground,460,70,100,70,105,75,40,Water
323,CameruptMega Camerupt,Fire,Ground,560,70,120,100,145,105,20,Water
324,Torkoal,Fire,NA,470,70,85,140,85,70,20,Water
325,Spoink,Psychic,NA,330,60,25,35,70,80,60,Bug
326,Grumpig,Psychic,NA,470,80,45,65,90,110,80,Bug
327,Spinda,Normal,NA,360,60,60,60,60,60,60,Fighting
328,Trapinch,Ground,NA,290,45,100,45,45,45,10,Water
329,Vibrava,Ground,Dragon,340,50,70,50,50,50,70,Water
330,Flygon,Ground,Dragon,520,80,100,80,80,80,100,Water
331,Cacnea,Grass,NA,335,50,85,40,85,40,35,Fire
332,Cacturne,Grass,Dark,475,70,115,60,115,60,55,Fire
333,Swablu,Normal,Flying,310,45,40,60,40,75,50,Fighting
334,Altaria,Dragon,Flying,490,75,70,90,70,105,80,Ice
334,AltariaMega Altaria,Dragon,Fairy,590,75,110,110,110,105,80,Ice
335,Zangoose,Normal,NA,458,73,115,60,60,60,90,Fighting
336,Seviper,Poison,NA,458,73,100,60,100,60,65,Ground
337,Lunatone,Rock,Psychic,440,70,55,65,95,85,70,Water
338,Solrock,Rock,Psychic,440,70,95,85,55,65,70,Water
339,Barboach,Water,Ground,288,50,48,43,46,41,60,Electric
340,Whiscash,Water,Ground,468,110,78,73,76,71,60,Electric
341,Corphish,Water,NA,308,43,80,65,50,35,35,Electric
342,Crawdaunt,Water,Dark,468,63,120,85,90,55,55,Electric
343,Baltoy,Ground,Psychic,300,40,40,55,40,70,55,Water
344,Claydol,Ground,Psychic,500,60,70,105,70,120,75,Water
345,Lileep,Rock,Grass,355,66,41,77,61,87,23,Water
346,Cradily,Rock,Grass,495,86,81,97,81,107,43,Water
347,Anorith,Rock,Bug,355,45,95,50,40,50,75,Water
348,Armaldo,Rock,Bug,495,75,125,100,70,80,45,Water
349,Feebas,Water,NA,200,20,15,20,10,55,80,Electric
350,Milotic,Water,NA,540,95,60,79,100,125,81,Electric
351,Castform,Normal,NA,420,70,70,70,70,70,70,Fighting
352,Kecleon,Normal,NA,440,60,90,70,60,120,40,Fighting
353,Shuppet,Ghost,NA,295,44,75,35,63,33,45,Ghost
354,Banette,Ghost,NA,455,64,115,65,83,63,65,Ghost
354,BanetteMega Banette,Ghost,NA,555,64,165,75,93,83,75,Ghost
355,Duskull,Ghost,NA,295,20,40,90,30,90,25,Ghost
356,Dusclops,Ghost,NA,455,40,70,130,60,130,25,Ghost
357,Tropius,Grass,Flying,460,99,68,83,72,87,51,Fire
358,Chimecho,Psychic,NA,425,65,50,70,95,80,65,Bug
359,Absol,Dark,NA,465,65,130,60,75,60,75,Fighting
359,AbsolMega Absol,Dark,NA,565,65,150,60,115,60,115,Fighting
360,Wynaut,Psychic,NA,260,95,23,48,23,48,23,Bug
361,Snorunt,Ice,NA,300,50,50,50,50,50,50,Fire
362,Glalie,Ice,NA,480,80,80,80,80,80,80,Fire
362,GlalieMega Glalie,Ice,NA,580,80,120,80,120,80,100,Fire
363,Spheal,Ice,Water,290,70,40,50,55,50,25,Fire
364,Sealeo,Ice,Water,410,90,60,70,75,70,45,Fire
365,Walrein,Ice,Water,530,110,80,90,95,90,65,Fire
366,Clamperl,Water,NA,345,35,64,85,74,55,32,Electric
367,Huntail,Water,NA,485,55,104,105,94,75,52,Electric
368,Gorebyss,Water,NA,485,55,84,105,114,75,52,Electric
369,Relicanth,Water,Rock,485,100,90,130,45,65,55,Electric
370,Luvdisc,Water,NA,330,43,30,55,40,65,97,Electric
371,Bagon,Dragon,NA,300,45,75,60,40,30,50,Ice
372,Shelgon,Dragon,NA,420,65,95,100,60,50,50,Ice
373,Salamence,Dragon,Flying,600,95,135,80,110,80,100,Ice
373,SalamenceMega Salamence,Dragon,Flying,700,95,145,130,120,90,120,Ice
374,Beldum,Steel,Psychic,300,40,55,80,35,60,30,Fire
375,Metang,Steel,Psychic,420,60,75,100,55,80,50,Fire
376,Metagross,Steel,Psychic,600,80,135,130,95,90,70,Fire
376,MetagrossMega Metagross,Steel,Psychic,700,80,145,150,105,110,110,Fire
377,Regirock,Rock,NA,580,80,100,200,50,100,50,Water
378,Regice,Ice,NA,580,80,50,100,100,200,50,Fire
379,Registeel,Steel,NA,580,80,75,150,75,150,50,Fire
380,Latias,Dragon,Psychic,600,80,80,90,110,130,110,Ice
380,LatiasMega Latias,Dragon,Psychic,700,80,100,120,140,150,110,Ice
381,Latios,Dragon,Psychic,600,80,90,80,130,110,110,Ice
381,LatiosMega Latios,Dragon,Psychic,700,80,130,100,160,120,110,Ice
382,Kyogre,Water,NA,670,100,100,90,150,140,90,Electric
382,KyogrePrimal Kyogre,Water,NA,770,100,150,90,180,160,90,Electric
383,Groudon,Ground,NA,670,100,150,140,100,90,90,Water
383,GroudonPrimal Groudon,Ground,Fire,770,100,180,160,150,90,90,Water
384,Rayquaza,Dragon,Flying,680,105,150,90,150,90,95,Ice
384,RayquazaMega Rayquaza,Dragon,Flying,780,105,180,100,180,100,115,Ice
385,Jirachi,Steel,Psychic,600,100,100,100,100,100,100,Fire
386,DeoxysNormal Forme,Psychic,NA,600,50,150,50,150,50,150,Bug
386,DeoxysAttack Forme,Psychic,NA,600,50,180,20,180,20,150,Bug
386,DeoxysDefense Forme,Psychic,NA,600,50,70,160,70,160,90,Bug
386,DeoxysSpeed Forme,Psychic,NA,600,50,95,90,95,90,180,Bug
387,Turtwig,Grass,NA,318,55,68,64,45,55,31,Fire
388,Grotle,Grass,NA,405,75,89,85,55,65,36,Fire
389,Torterra,Grass,Ground,525,95,109,105,75,85,56,Fire
390,Chimchar,Fire,NA,309,44,58,44,58,44,61,Water
391,Monferno,Fire,Fighting,405,64,78,52,78,52,81,Water
392,Infernape,Fire,Fighting,534,76,104,71,104,71,108,Water
393,Piplup,Water,NA,314,53,51,53,61,56,40,Electric
394,Prinplup,Water,NA,405,64,66,68,81,76,50,Electric
395,Empoleon,Water,Steel,530,84,86,88,111,101,60,Electric
396,Starly,Normal,Flying,245,40,55,30,30,30,60,Fighting
397,Staravia,Normal,Flying,340,55,75,50,40,40,80,Fighting
398,Staraptor,Normal,Flying,485,85,120,70,50,60,100,Fighting
399,Bidoof,Normal,NA,250,59,45,40,35,40,31,Fighting
400,Bibarel,Normal,Water,410,79,85,60,55,60,71,Fighting
401,Kricketot,Bug,NA,194,37,25,41,25,41,25,Flying
402,Kricketune,Bug,NA,384,77,85,51,55,51,65,Flying
403,Shinx,Electric,NA,263,45,65,34,40,34,45,Water
404,Luxio,Electric,NA,363,60,85,49,60,49,60,Water
405,Luxray,Electric,NA,523,80,120,79,95,79,70,Water
406,Budew,Grass,Poison,280,40,30,35,50,70,55,Fire
407,Roserade,Grass,Poison,515,60,70,65,125,105,90,Fire
408,Cranidos,Rock,NA,350,67,125,40,30,30,58,Water
409,Rampardos,Rock,NA,495,97,165,60,65,50,58,Water
410,Shieldon,Rock,Steel,350,30,42,118,42,88,30,Water
411,Bastiodon,Rock,Steel,495,60,52,168,47,138,30,Water
412,Burmy,Bug,NA,224,40,29,45,29,45,36,Flying
413,WormadamPlant Cloak,Bug,Grass,424,60,59,85,79,105,36,Flying
413,WormadamSandy Cloak,Bug,Ground,424,60,79,105,59,85,36,Flying
413,WormadamTrash Cloak,Bug,Steel,424,60,69,95,69,95,36,Flying
414,Mothim,Bug,Flying,424,70,94,50,94,50,66,Flying
415,Combee,Bug,Flying,244,30,30,42,30,42,70,Flying
416,Vespiquen,Bug,Flying,474,70,80,102,80,102,40,Flying
417,Pachirisu,Electric,NA,405,60,45,70,45,90,95,Water
418,Buizel,Water,NA,330,55,65,35,60,30,85,Electric
419,Floatzel,Water,NA,495,85,105,55,85,50,115,Electric
420,Cherubi,Grass,NA,275,45,35,45,62,53,35,Fire
421,Cherrim,Grass,NA,450,70,60,70,87,78,85,Fire
422,Shellos,Water,NA,325,76,48,48,57,62,34,Electric
423,Gastrodon,Water,Ground,475,111,83,68,92,82,39,Electric
424,Ambipom,Normal,NA,482,75,100,66,60,66,115,Fighting
425,Drifloon,Ghost,Flying,348,90,50,34,60,44,70,Ghost
426,Drifblim,Ghost,Flying,498,150,80,44,90,54,80,Ghost
427,Buneary,Normal,NA,350,55,66,44,44,56,85,Fighting
428,Lopunny,Normal,NA,480,65,76,84,54,96,105,Fighting
428,LopunnyMega Lopunny,Normal,Fighting,580,65,136,94,54,96,135,Fighting
429,Mismagius,Ghost,NA,495,60,60,60,105,105,105,Ghost
430,Honchkrow,Dark,Flying,505,100,125,52,105,52,71,Fighting
431,Glameow,Normal,NA,310,49,55,42,42,37,85,Fighting
432,Purugly,Normal,NA,452,71,82,64,64,59,112,Fighting
433,Chingling,Psychic,NA,285,45,30,50,65,50,45,Bug
434,Stunky,Poison,Dark,329,63,63,47,41,41,74,Ground
435,Skuntank,Poison,Dark,479,103,93,67,71,61,84,Ground
436,Bronzor,Steel,Psychic,300,57,24,86,24,86,23,Fire
437,Bronzong,Steel,Psychic,500,67,89,116,79,116,33,Fire
438,Bonsly,Rock,NA,290,50,80,95,10,45,10,Water
439,Mime Jr.,Psychic,Fairy,310,20,25,45,70,90,60,Bug
440,Happiny,Normal,NA,220,100,5,5,15,65,30,Fighting
441,Chatot,Normal,Flying,411,76,65,45,92,42,91,Fighting
442,Spiritomb,Ghost,Dark,485,50,92,108,92,108,35,Ghost
443,Gible,Dragon,Ground,300,58,70,45,40,45,42,Ice
444,Gabite,Dragon,Ground,410,68,90,65,50,55,82,Ice
445,Garchomp,Dragon,Ground,600,108,130,95,80,85,102,Ice
445,GarchompMega Garchomp,Dragon,Ground,700,108,170,115,120,95,92,Ice
446,Munchlax,Normal,NA,390,135,85,40,40,85,5,Fighting
447,Riolu,Fighting,NA,285,40,70,40,35,40,60,Flying
448,Lucario,Fighting,Steel,525,70,110,70,115,70,90,Flying
448,LucarioMega Lucario,Fighting,Steel,625,70,145,88,140,70,112,Flying
449,Hippopotas,Ground,NA,330,68,72,78,38,42,32,Water
450,Hippowdon,Ground,NA,525,108,112,118,68,72,47,Water
451,Skorupi,Poison,Bug,330,40,50,90,30,55,65,Ground
452,Drapion,Poison,Dark,500,70,90,110,60,75,95,Ground
453,Croagunk,Poison,Fighting,300,48,61,40,61,40,50,Ground
454,Toxicroak,Poison,Fighting,490,83,106,65,86,65,85,Ground
455,Carnivine,Grass,NA,454,74,100,72,90,72,46,Fire
456,Finneon,Water,NA,330,49,49,56,49,61,66,Electric
457,Lumineon,Water,NA,460,69,69,76,69,86,91,Electric
458,Mantyke,Water,Flying,345,45,20,50,60,120,50,Electric
459,Snover,Grass,Ice,334,60,62,50,62,60,40,Fire
460,Abomasnow,Grass,Ice,494,90,92,75,92,85,60,Fire
460,AbomasnowMega Abomasnow,Grass,Ice,594,90,132,105,132,105,30,Fire
461,Weavile,Dark,Ice,510,70,120,65,45,85,125,Fighting
462,Magnezone,Electric,Steel,535,70,70,115,130,90,60,Water
463,Lickilicky,Normal,NA,515,110,85,95,80,95,50,Fighting
464,Rhyperior,Ground,Rock,535,115,140,130,55,55,40,Water
465,Tangrowth,Grass,NA,535,100,100,125,110,50,50,Fire
466,Electivire,Electric,NA,540,75,123,67,95,85,95,Water
467,Magmortar,Fire,NA,540,75,95,67,125,95,83,Water
468,Togekiss,Fairy,Flying,545,85,50,95,120,115,80,Poison
469,Yanmega,Bug,Flying,515,86,76,86,116,56,95,Flying
470,Leafeon,Grass,NA,525,65,110,130,60,65,95,Fire
471,Glaceon,Ice,NA,525,65,60,110,130,95,65,Fire
472,Gliscor,Ground,Flying,510,75,95,125,45,75,95,Water
473,Mamoswine,Ice,Ground,530,110,130,80,70,60,80,Fire
474,Porygon-Z,Normal,NA,535,85,80,70,135,75,90,Fighting
475,Gallade,Psychic,Fighting,518,68,125,65,65,115,80,Bug
475,GalladeMega Gallade,Psychic,Fighting,618,68,165,95,65,115,110,Bug
476,Probopass,Rock,Steel,525,60,55,145,75,150,40,Water
477,Dusknoir,Ghost,NA,525,45,100,135,65,135,45,Ghost
478,Froslass,Ice,Ghost,480,70,80,70,80,70,110,Fire
479,Rotom,Electric,Ghost,440,50,50,77,95,77,91,Water
479,RotomHeat Rotom,Electric,Fire,520,50,65,107,105,107,86,Water
479,RotomWash Rotom,Electric,Water,520,50,65,107,105,107,86,Water
479,RotomFrost Rotom,Electric,Ice,520,50,65,107,105,107,86,Water
479,RotomFan Rotom,Electric,Flying,520,50,65,107,105,107,86,Water
479,RotomMow Rotom,Electric,Grass,520,50,65,107,105,107,86,Water
480,Uxie,Psychic,NA,580,75,75,130,75,130,95,Bug
481,Mesprit,Psychic,NA,580,80,105,105,105,105,80,Bug
482,Azelf,Psychic,NA,580,75,125,70,125,70,115,Bug
483,Dialga,Steel,Dragon,680,100,120,120,150,100,90,Fire
484,Palkia,Water,Dragon,680,90,120,100,150,120,100,Electric
485,Heatran,Fire,Steel,600,91,90,106,130,106,77,Water
486,Regigigas,Normal,NA,670,110,160,110,80,110,100,Fighting
487,GiratinaAltered Forme,Ghost,Dragon,680,150,100,120,100,120,90,Ghost
487,GiratinaOrigin Forme,Ghost,Dragon,680,150,120,100,120,100,90,Ghost
488,Cresselia,Psychic,NA,600,120,70,120,75,130,85,Bug
489,Phione,Water,NA,480,80,80,80,80,80,80,Electric
490,Manaphy,Water,NA,600,100,100,100,100,100,100,Electric
491,Darkrai,Dark,NA,600,70,90,90,135,90,125,Fighting
492,ShayminLand Forme,Grass,NA,600,100,100,100,100,100,100,Fire
492,ShayminSky Forme,Grass,Flying,600,100,103,75,120,75,127,Fire
493,Arceus,Normal,NA,720,120,120,120,120,120,120,Fighting
494,Victini,Psychic,Fire,600,100,100,100,100,100,100,Bug
495,Snivy,Grass,NA,308,45,45,55,45,55,63,Fire
496,Servine,Grass,NA,413,60,60,75,60,75,83,Fire
497,Serperior,Grass,NA,528,75,75,95,75,95,113,Fire
498,Tepig,Fire,NA,308,65,63,45,45,45,45,Water
499,Pignite,Fire,Fighting,418,90,93,55,70,55,55,Water
500,Emboar,Fire,Fighting,528,110,123,65,100,65,65,Water
501,Oshawott,Water,NA,308,55,55,45,63,45,45,Electric
502,Dewott,Water,NA,413,75,75,60,83,60,60,Electric
503,Samurott,Water,NA,528,95,100,85,108,70,70,Electric
504,Patrat,Normal,NA,255,45,55,39,35,39,42,Fighting
505,Watchog,Normal,NA,420,60,85,69,60,69,77,Fighting
506,Lillipup,Normal,NA,275,45,60,45,25,45,55,Fighting
507,Herdier,Normal,NA,370,65,80,65,35,65,60,Fighting
508,Stoutland,Normal,NA,500,85,110,90,45,90,80,Fighting
509,Purrloin,Dark,NA,281,41,50,37,50,37,66,Fighting
510,Liepard,Dark,NA,446,64,88,50,88,50,106,Fighting
511,Pansage,Grass,NA,316,50,53,48,53,48,64,Fire
512,Simisage,Grass,NA,498,75,98,63,98,63,101,Fire
513,Pansear,Fire,NA,316,50,53,48,53,48,64,Water
514,Simisear,Fire,NA,498,75,98,63,98,63,101,Water
515,Panpour,Water,NA,316,50,53,48,53,48,64,Electric
516,Simipour,Water,NA,498,75,98,63,98,63,101,Electric
517,Munna,Psychic,NA,292,76,25,45,67,55,24,Bug
518,Musharna,Psychic,NA,487,116,55,85,107,95,29,Bug
519,Pidove,Normal,Flying,264,50,55,50,36,30,43,Fighting
520,Tranquill,Normal,Flying,358,62,77,62,50,42,65,Fighting
521,Unfezant,Normal,Flying,488,80,115,80,65,55,93,Fighting
522,Blitzle,Electric,NA,295,45,60,32,50,32,76,Water
523,Zebstrika,Electric,NA,497,75,100,63,80,63,116,Water
524,Roggenrola,Rock,NA,280,55,75,85,25,25,15,Water
525,Boldore,Rock,NA,390,70,105,105,50,40,20,Water
526,Gigalith,Rock,NA,515,85,135,130,60,80,25,Water
527,Woobat,Psychic,Flying,313,55,45,43,55,43,72,Bug
528,Swoobat,Psychic,Flying,425,67,57,55,77,55,114,Bug
529,Drilbur,Ground,NA,328,60,85,40,30,45,68,Water
530,Excadrill,Ground,Steel,508,110,135,60,50,65,88,Water
531,Audino,Normal,NA,445,103,60,86,60,86,50,Fighting
531,AudinoMega Audino,Normal,Fairy,545,103,60,126,80,126,50,Fighting
532,Timburr,Fighting,NA,305,75,80,55,25,35,35,Flying
533,Gurdurr,Fighting,NA,405,85,105,85,40,50,40,Flying
534,Conkeldurr,Fighting,NA,505,105,140,95,55,65,45,Flying
535,Tympole,Water,NA,294,50,50,40,50,40,64,Electric
536,Palpitoad,Water,Ground,384,75,65,55,65,55,69,Electric
537,Seismitoad,Water,Ground,509,105,95,75,85,75,74,Electric
538,Throh,Fighting,NA,465,120,100,85,30,85,45,Flying
539,Sawk,Fighting,NA,465,75,125,75,30,75,85,Flying
540,Sewaddle,Bug,Grass,310,45,53,70,40,60,42,Flying
541,Swadloon,Bug,Grass,380,55,63,90,50,80,42,Flying
542,Leavanny,Bug,Grass,500,75,103,80,70,80,92,Flying
543,Venipede,Bug,Poison,260,30,45,59,30,39,57,Flying
544,Whirlipede,Bug,Poison,360,40,55,99,40,79,47,Flying
545,Scolipede,Bug,Poison,485,60,100,89,55,69,112,Flying
546,Cottonee,Grass,Fairy,280,40,27,60,37,50,66,Fire
547,Whimsicott,Grass,Fairy,480,60,67,85,77,75,116,Fire
548,Petilil,Grass,NA,280,45,35,50,70,50,30,Fire
549,Lilligant,Grass,NA,480,70,60,75,110,75,90,Fire
550,Basculin,Water,NA,460,70,92,65,80,55,98,Electric
551,Sandile,Ground,Dark,292,50,72,35,35,35,65,Water
552,Krokorok,Ground,Dark,351,60,82,45,45,45,74,Water
553,Krookodile,Ground,Dark,519,95,117,80,65,70,92,Water
554,Darumaka,Fire,NA,315,70,90,45,15,45,50,Water
555,DarmanitanStandard Mode,Fire,NA,480,105,140,55,30,55,95,Water
555,DarmanitanZen Mode,Fire,Psychic,540,105,30,105,140,105,55,Water
556,Maractus,Grass,NA,461,75,86,67,106,67,60,Fire
557,Dwebble,Bug,Rock,325,50,65,85,35,35,55,Flying
558,Crustle,Bug,Rock,475,70,95,125,65,75,45,Flying
559,Scraggy,Dark,Fighting,348,50,75,70,35,70,48,Fighting
560,Scrafty,Dark,Fighting,488,65,90,115,45,115,58,Fighting
561,Sigilyph,Psychic,Flying,490,72,58,80,103,80,97,Bug
562,Yamask,Ghost,NA,303,38,30,85,55,65,30,Ghost
563,Cofagrigus,Ghost,NA,483,58,50,145,95,105,30,Ghost
564,Tirtouga,Water,Rock,355,54,78,103,53,45,22,Electric
565,Carracosta,Water,Rock,495,74,108,133,83,65,32,Electric
566,Archen,Rock,Flying,401,55,112,45,74,45,70,Water
567,Archeops,Rock,Flying,567,75,140,65,112,65,110,Water
568,Trubbish,Poison,NA,329,50,50,62,40,62,65,Ground
569,Garbodor,Poison,NA,474,80,95,82,60,82,75,Ground
570,Zorua,Dark,NA,330,40,65,40,80,40,65,Fighting
571,Zoroark,Dark,NA,510,60,105,60,120,60,105,Fighting
572,Minccino,Normal,NA,300,55,50,40,40,40,75,Fighting
573,Cinccino,Normal,NA,470,75,95,60,65,60,115,Fighting
574,Gothita,Psychic,NA,290,45,30,50,55,65,45,Bug
575,Gothorita,Psychic,NA,390,60,45,70,75,85,55,Bug
576,Gothitelle,Psychic,NA,490,70,55,95,95,110,65,Bug
577,Solosis,Psychic,NA,290,45,30,40,105,50,20,Bug
578,Duosion,Psychic,NA,370,65,40,50,125,60,30,Bug
579,Reuniclus,Psychic,NA,490,110,65,75,125,85,30,Bug
580,Ducklett,Water,Flying,305,62,44,50,44,50,55,Electric
581,Swanna,Water,Flying,473,75,87,63,87,63,98,Electric
582,Vanillite,Ice,NA,305,36,50,50,65,60,44,Fire
583,Vanillish,Ice,NA,395,51,65,65,80,75,59,Fire
584,Vanilluxe,Ice,NA,535,71,95,85,110,95,79,Fire
585,Deerling,Normal,Grass,335,60,60,50,40,50,75,Fighting
586,Sawsbuck,Normal,Grass,475,80,100,70,60,70,95,Fighting
587,Emolga,Electric,Flying,428,55,75,60,75,60,103,Water
588,Karrablast,Bug,NA,315,50,75,45,40,45,60,Flying
589,Escavalier,Bug,Steel,495,70,135,105,60,105,20,Flying
590,Foongus,Grass,Poison,294,69,55,45,55,55,15,Fire
591,Amoonguss,Grass,Poison,464,114,85,70,85,80,30,Fire
592,Frillish,Water,Ghost,335,55,40,50,65,85,40,Electric
593,Jellicent,Water,Ghost,480,100,60,70,85,105,60,Electric
594,Alomomola,Water,NA,470,165,75,80,40,45,65,Electric
595,Joltik,Bug,Electric,319,50,47,50,57,50,65,Flying
596,Galvantula,Bug,Electric,472,70,77,60,97,60,108,Flying
597,Ferroseed,Grass,Steel,305,44,50,91,24,86,10,Fire
598,Ferrothorn,Grass,Steel,489,74,94,131,54,116,20,Fire
599,Klink,Steel,NA,300,40,55,70,45,60,30,Fire
600,Klang,Steel,NA,440,60,80,95,70,85,50,Fire
601,Klinklang,Steel,NA,520,60,100,115,70,85,90,Fire
602,Tynamo,Electric,NA,275,35,55,40,45,40,60,Water
603,Eelektrik,Electric,NA,405,65,85,70,75,70,40,Water
604,Eelektross,Electric,NA,515,85,115,80,105,80,50,Water
605,Elgyem,Psychic,NA,335,55,55,55,85,55,30,Bug
606,Beheeyem,Psychic,NA,485,75,75,75,125,95,40,Bug
607,Litwick,Ghost,Fire,275,50,30,55,65,55,20,Ghost
608,Lampent,Ghost,Fire,370,60,40,60,95,60,55,Ghost
609,Chandelure,Ghost,Fire,520,60,55,90,145,90,80,Ghost
610,Axew,Dragon,NA,320,46,87,60,30,40,57,Ice
611,Fraxure,Dragon,NA,410,66,117,70,40,50,67,Ice
612,Haxorus,Dragon,NA,540,76,147,90,60,70,97,Ice
613,Cubchoo,Ice,NA,305,55,70,40,60,40,40,Fire
614,Beartic,Ice,NA,485,95,110,80,70,80,50,Fire
615,Cryogonal,Ice,NA,485,70,50,30,95,135,105,Fire
616,Shelmet,Bug,NA,305,50,40,85,40,65,25,Flying
617,Accelgor,Bug,NA,495,80,70,40,100,60,145,Flying
618,Stunfisk,Ground,Electric,471,109,66,84,81,99,32,Water
619,Mienfoo,Fighting,NA,350,45,85,50,55,50,65,Flying
620,Mienshao,Fighting,NA,510,65,125,60,95,60,105,Flying
621,Druddigon,Dragon,NA,485,77,120,90,60,90,48,Ice
622,Golett,Ground,Ghost,303,59,74,50,35,50,35,Water
623,Golurk,Ground,Ghost,483,89,124,80,55,80,55,Water
624,Pawniard,Dark,Steel,340,45,85,70,40,40,60,Fighting
625,Bisharp,Dark,Steel,490,65,125,100,60,70,70,Fighting
626,Bouffalant,Normal,NA,490,95,110,95,40,95,55,Fighting
627,Rufflet,Normal,Flying,350,70,83,50,37,50,60,Fighting
628,Braviary,Normal,Flying,510,100,123,75,57,75,80,Fighting
629,Vullaby,Dark,Flying,370,70,55,75,45,65,60,Fighting
630,Mandibuzz,Dark,Flying,510,110,65,105,55,95,80,Fighting
631,Heatmor,Fire,NA,484,85,97,66,105,66,65,Water
632,Durant,Bug,Steel,484,58,109,112,48,48,109,Flying
633,Deino,Dark,Dragon,300,52,65,50,45,50,38,Fighting
634,Zweilous,Dark,Dragon,420,72,85,70,65,70,58,Fighting
635,Hydreigon,Dark,Dragon,600,92,105,90,125,90,98,Fighting
636,Larvesta,Bug,Fire,360,55,85,55,50,55,60,Flying
637,Volcarona,Bug,Fire,550,85,60,65,135,105,100,Flying
638,Cobalion,Steel,Fighting,580,91,90,129,90,72,108,Fire
639,Terrakion,Rock,Fighting,580,91,129,90,72,90,108,Water
640,Virizion,Grass,Fighting,580,91,90,72,90,129,108,Fire
641,TornadusIncarnate Forme,Flying,NA,580,79,115,70,125,80,111,Electric
641,TornadusTherian Forme,Flying,NA,580,79,100,80,110,90,121,Electric
642,ThundurusIncarnate Forme,Electric,Flying,580,79,115,70,125,80,111,Water
642,ThundurusTherian Forme,Electric,Flying,580,79,105,70,145,80,101,Water
643,Reshiram,Dragon,Fire,680,100,120,100,150,120,90,Ice
644,Zekrom,Dragon,Electric,680,100,150,120,120,100,90,Ice
645,LandorusIncarnate Forme,Ground,Flying,600,89,125,90,115,80,101,Water
645,LandorusTherian Forme,Ground,Flying,600,89,145,90,105,80,91,Water
646,Kyurem,Dragon,Ice,660,125,130,90,130,90,95,Ice
646,KyuremBlack Kyurem,Dragon,Ice,700,125,170,100,120,90,95,Ice
646,KyuremWhite Kyurem,Dragon,Ice,700,125,120,90,170,100,95,Ice
647,KeldeoOrdinary Forme,Water,Fighting,580,91,72,90,129,90,108,Electric
647,KeldeoResolute Forme,Water,Fighting,580,91,72,90,129,90,108,Electric
648,MeloettaAria Forme,Normal,Psychic,600,100,77,77,128,128,90,Fighting
648,MeloettaPirouette Forme,Normal,Fighting,600,100,128,90,77,77,128,Fighting
649,Genesect,Bug,Steel,600,71,120,95,120,95,99,Flying
650,Chespin,Grass,NA,313,56,61,65,48,45,38,Fire
651,Quilladin,Grass,NA,405,61,78,95,56,58,57,Fire
652,Chesnaught,Grass,Fighting,530,88,107,122,74,75,64,Fire
653,Fennekin,Fire,NA,307,40,45,40,62,60,60,Water
654,Braixen,Fire,NA,409,59,59,58,90,70,73,Water
655,Delphox,Fire,Psychic,534,75,69,72,114,100,104,Water
656,Froakie,Water,NA,314,41,56,40,62,44,71,Electric
657,Frogadier,Water,NA,405,54,63,52,83,56,97,Electric
658,Greninja,Water,Dark,530,72,95,67,103,71,122,Electric
659,Bunnelby,Normal,NA,237,38,36,38,32,36,57,Fighting
660,Diggersby,Normal,Ground,423,85,56,77,50,77,78,Fighting
661,Fletchling,Normal,Flying,278,45,50,43,40,38,62,Fighting
662,Fletchinder,Fire,Flying,382,62,73,55,56,52,84,Water
663,Talonflame,Fire,Flying,499,78,81,71,74,69,126,Water
664,Scatterbug,Bug,NA,200,38,35,40,27,25,35,Flying
665,Spewpa,Bug,NA,213,45,22,60,27,30,29,Flying
666,Vivillon,Bug,Flying,411,80,52,50,90,50,89,Flying
667,Litleo,Fire,Normal,369,62,50,58,73,54,72,Water
668,Pyroar,Fire,Normal,507,86,68,72,109,66,106,Water
669,Flabébé,Fairy,NA,303,44,38,39,61,79,42,Poison
670,Floette,Fairy,NA,371,54,45,47,75,98,52,Poison
671,Florges,Fairy,NA,552,78,65,68,112,154,75,Poison
672,Skiddo,Grass,NA,350,66,65,48,62,57,52,Fire
673,Gogoat,Grass,NA,531,123,100,62,97,81,68,Fire
674,Pancham,Fighting,NA,348,67,82,62,46,48,43,Flying
675,Pangoro,Fighting,Dark,495,95,124,78,69,71,58,Flying
676,Furfrou,Normal,NA,472,75,80,60,65,90,102,Fighting
677,Espurr,Psychic,NA,355,62,48,54,63,60,68,Bug
678,MeowsticMale,Psychic,NA,466,74,48,76,83,81,104,Bug
678,MeowsticFemale,Psychic,NA,466,74,48,76,83,81,104,Bug
679,Honedge,Steel,Ghost,325,45,80,100,35,37,28,Fire
680,Doublade,Steel,Ghost,448,59,110,150,45,49,35,Fire
681,AegislashBlade Forme,Steel,Ghost,520,60,150,50,150,50,60,Fire
681,AegislashShield Forme,Steel,Ghost,520,60,50,150,50,150,60,Fire
682,Spritzee,Fairy,NA,341,78,52,60,63,65,23,Poison
683,Aromatisse,Fairy,NA,462,101,72,72,99,89,29,Poison
684,Swirlix,Fairy,NA,341,62,48,66,59,57,49,Poison
685,Slurpuff,Fairy,NA,480,82,80,86,85,75,72,Poison
686,Inkay,Dark,Psychic,288,53,54,53,37,46,45,Fighting
687,Malamar,Dark,Psychic,482,86,92,88,68,75,73,Fighting
688,Binacle,Rock,Water,306,42,52,67,39,56,50,Water
689,Barbaracle,Rock,Water,500,72,105,115,54,86,68,Water
690,Skrelp,Poison,Water,320,50,60,60,60,60,30,Ground
691,Dragalge,Poison,Dragon,494,65,75,90,97,123,44,Ground
692,Clauncher,Water,NA,330,50,53,62,58,63,44,Electric
693,Clawitzer,Water,NA,500,71,73,88,120,89,59,Electric
694,Helioptile,Electric,Normal,289,44,38,33,61,43,70,Water
695,Heliolisk,Electric,Normal,481,62,55,52,109,94,109,Water
696,Tyrunt,Rock,Dragon,362,58,89,77,45,45,48,Water
697,Tyrantrum,Rock,Dragon,521,82,121,119,69,59,71,Water
698,Amaura,Rock,Ice,362,77,59,50,67,63,46,Water
699,Aurorus,Rock,Ice,521,123,77,72,99,92,58,Water
700,Sylveon,Fairy,NA,525,95,65,65,110,130,60,Poison
701,Hawlucha,Fighting,Flying,500,78,92,75,74,63,118,Flying
702,Dedenne,Electric,Fairy,431,67,58,57,81,67,101,Water
703,Carbink,Rock,Fairy,500,50,50,150,50,150,50,Water
704,Goomy,Dragon,NA,300,45,50,35,55,75,40,Ice
705,Sliggoo,Dragon,NA,452,68,75,53,83,113,60,Ice
706,Goodra,Dragon,NA,600,90,100,70,110,150,80,Ice
707,Klefki,Steel,Fairy,470,57,80,91,80,87,75,Fire
708,Phantump,Ghost,Grass,309,43,70,48,50,60,38,Ghost
709,Trevenant,Ghost,Grass,474,85,110,76,65,82,56,Ghost
710,PumpkabooAverage Size,Ghost,Grass,335,49,66,70,44,55,51,Ghost
710,PumpkabooSmall Size,Ghost,Grass,335,44,66,70,44,55,56,Ghost
710,PumpkabooLarge Size,Ghost,Grass,335,54,66,70,44,55,46,Ghost
710,PumpkabooSuper Size,Ghost,Grass,335,59,66,70,44,55,41,Ghost
711,GourgeistAverage Size,Ghost,Grass,494,65,90,122,58,75,84,Ghost
711,GourgeistSmall Size,Ghost,Grass,494,55,85,122,58,75,99,Ghost
711,GourgeistLarge Size,Ghost,Grass,494,75,95,122,58,75,69,Ghost
711,GourgeistSuper Size,Ghost,Grass,494,85,100,122,58,75,54,Ghost
712,Bergmite,Ice,NA,304,55,69,85,32,35,28,Fire
713,Avalugg,Ice,NA,514,95,117,184,44,46,28,Fire
714,Noibat,Flying,Dragon,245,40,30,35,45,40,55,Electric
715,Noivern,Flying,Dragon,535,85,70,80,97,80,123,Electric
716,Xerneas,Fairy,NA,680,126,131,95,131,98,99,Poison
717,Yveltal,Dark,Flying,680,126,131,95,131,98,99,Fighting
718,Zygarde50% Forme,Dragon,Ground,600,108,100,121,81,95,95,Ice
719,Diancie,Rock,Fairy,600,50,100,150,100,150,50,Water
719,DiancieMega Diancie,Rock,Fairy,700,50,160,110,160,110,110,Water
720,HoopaHoopa Confined,Psychic,Ghost,600,80,110,60,150,130,70,Bug
720,HoopaHoopa Unbound,Psychic,Dark,680,80,160,60,170,130,80,Bug
721,Volcanion,Fire,Water,600,80,110,120,130,90,70,Water
